01.04.2020,10:48:31,51W,2 200.00р.,Онлайн оплата #15,
01.04.2020,13:56:23,70W,500.00р.,Онлайн оплата #16,
01.04.2020,14:09:26,70W,500.00р.,Онлайн оплата #17,
01.04.2020,15:46:59,M27w,2 400.00р.,Онлайн оплата #19,
01.04.2020,16:48:43,70W,500.00р.,Онлайн оплата #20,
10.04.2020,21:30:58,70W,500.00р.,Онлайн оплата #165,
10.04.2020,21:40:52,61W,10 000.00р.,Онлайн оплата #168,
13.04.2020,16:52:36,100W,500.00р.,Онлайн оплата #170,
14.04.2020,14:30:50,M33w,1 800.00р.,Онлайн оплата #171,
14.04.2020,15:40:40,76W,1 500.00р.,Онлайн оплата #172,
07.04.2020,00:00:00,110w,500.00р.,Онлайн перевод,
15.04.2020,21:32:17,70W,3 000.00р.,Онлайн оплата #173,
27.04.2020,17:18:11,111W,550.00р.,Онлайн оплата #174,
